Customer_ID,Report_Date,Satisfaction_Rate,Network_Availability_Pct
C2816,2024-03-11,5,98.63505517752803
C2877,2024-04-01,3,98.01116099862215
C1785,2024-12-26,2,99.05676576412424
C0483,2024-11-16,1,97.16594865998364
C0367,2024-09-01,3,99.65531362276876
C0889,2024-01-24,1,97.7049040206089
C1853,2025-07-10,4,96.60167353316882
C1355,2025-12-01,5,95.421497890101
C1724,2025-02-06,2,96.8409065743114
C1259,2025-01-07,1,97.7863280474792
C2931,2024-10-12,2,98.4459158797929
C0411,2025-03-16,4,99.28807179526426
C2231,2025-08-17,1,99.62540809308669
C2206,2026-01-03,2,95.50202384628753
C2061,2024-12-17,2,97.9444344313893
C2614,2024-08-06,4,98.26628928089883
C2920,2025-04-29,3,95.84311270326747
C1813,2025-03-18,4,97.67344333329073
C2603,2024-08-05,1,96.64068481434335
C1803,2025-12-02,1,95.37934492673098
C0678,2024-03-07,5,95.322743356719
C2911,2024-01-31,2,98.72014360417192
C0618,2024-11-17,1,98.01573171417292
C2252,2024-09-06,3,98.50409622332882
C2350,2025-07-19,3,98.35786295722833
C0795,2024-01-10,4,95.65813026891801
C2645,2025-11-08,1,95.74266975696627
C0729,2024-10-11,1,96.23717024861487
C1694,2024-06-01,5,96.95559287612699
C1886,2025-06-27,5,99.60196350219441
C2554,2025-06-12,5,98.30207257077643
C0639,2025-01-05,1,96.25034247880517
C0191,2024-10-27,4,95.27432209895396
C1802,2024-05-25,4,98.35269726095123
C0899,2025-08-09,4,98.06406050699866
C1997,2025-09-27,4,98.31124074997447
C2108,2024-02-21,3,96.27978030488704
C1490,2025-02-07,1,97.53311976440429
C1403,2025-12-02,2,96.77234372681829
C1453,2024-05-20,1,99.00672480083415
C2110,2024-03-28,4,95.34004364438147
C1944,2025-03-02,3,96.34966476826402
C2350,2024-03-24,3,97.95447334643481
C0638,2024-08-30,1,96.0055965076627
C0999,2024-04-15,2,98.29629583626709
C2220,2025-08-26,4,95.67018526568076
C1529,2024-12-20,3,95.11178023018604
C0063,2024-01-21,4,99.23112321094109
C2820,2024-01-06,4,96.63387756689568
C0016,2024-08-08,4,95.76856001699906
C2739,2024-03-27,5,95.84627422615442
C0842,2025-11-22,4,99.34088743076937
C1125,2025-03-28,4,98.20671389011939
C1217,2024-12-07,2,99.68609670629145
C1997,2025-01-27,2,98.92019758455174
C0899,2024-12-17,5,98.76095915663804
C1491,2024-09-02,5,97.4491212319179
C2981,2025-11-16,4,99.02194400366012
C2223,2024-04-22,3,97.02199743836508
C1258,2025-08-05,3,99.05230243545854
C1515,2024-06-06,1,98.7129323292669
C0417,2024-08-24,3,98.32434926542065
C1557,2025-11-29,3,96.61560931122094
C0451,2024-08-30,2,98.09048702281194
C2884,2024-06-14,1,97.48325936139788
C1824,2024-02-03,1,97.26156004793697
C0280,2024-09-11,2,99.85220703357903
C0244,2024-10-28,3,97.47154936616931
C0675,2024-08-07,3,95.15673240647797
C2194,2024-02-01,1,98.06969255850129
C0103,2026-02-07,3,98.56725314063543
C2358,2025-05-23,1,99.33740095965206
C0117,2025-04-26,3,98.10015516094185
C1496,2024-08-20,4,95.0953398742727
C0763,2024-08-02,2,95.58674724547484
C2786,2024-08-29,5,95.79007624087427
C1724,2024-09-01,4,96.03518062983153
C2235,2024-01-20,3,98.91890679605952
C0785,2024-07-28,5,96.51782424504495
C1493,2025-12-22,4,96.53057538157722
C0707,2025-03-01,2,98.70237846079087
C2924,2024-03-12,5,97.02093921515464
C0796,2025-11-04,5,95.31673370657363
C0473,2024-06-26,2,97.86711958422711
C2604,2025-06-06,4,95.63733166387279
C0682,2024-10-25,5,97.80115497184899
C0094,2024-09-22,2,98.82022672734732
C0736,2025-06-03,4,99.55449922290364
C2838,2025-05-09,3,95.32855777405128
C2042,2024-10-01,1,96.48943626043621
C2086,2025-12-05,3,98.19707351673904
C2830,2026-02-09,3,96.54571971393946
C2530,2024-02-22,1,97.2100254948459
C2159,2025-08-30,3,95.09844522646705
C1914,2025-02-03,3,98.39814023019302
C2458,2025-02-17,2,99.32807264440886
C1590,2025-08-26,2,99.78661227428348
C2445,2025-10-17,4,99.06961340988325
C1151,2025-05-03,5,95.155703685877
C2014,2025-05-16,4,98.19408444406638
C0042,2024-11-02,2,97.42873030693796
C0041,2025-02-20,2,99.59568791674819
C1511,2025-05-23,1,99.42048043700053
C1695,2025-06-13,1,99.84142625447282
C2447,2025-09-29,2,99.22347769888225
C2230,2025-10-27,3,97.67977145590004
C0744,2024-01-06,4,98.50301252550952
C2766,2025-02-25,2,99.72691845819605
C2512,2025-03-26,2,97.83277196605631
C1074,2025-03-02,1,99.11589801636009
C1432,2025-01-24,4,99.6168283929981
C0298,2024-11-29,4,97.79563468711909
C2193,2025-03-23,5,95.77985580579286
C0016,2024-12-03,2,95.76226062638705
C1076,2024-03-28,5,95.565054153423
C0107,2024-09-25,1,97.3339835833472
C0219,2024-03-05,5,97.3526937335365
C2983,2025-11-08,3,98.0251188230189
C2385,2024-03-04,2,97.36607678919167
C2969,2024-09-26,2,99.76796957587173
C0371,2025-10-18,4,96.42742302093487
C2858,2025-01-11,5,99.28170146516881
C0254,2026-02-19,4,95.49161909532425
C1429,2024-11-24,5,97.94939662237998
C2628,2025-06-01,5,98.17679356506171
C2009,2025-09-24,1,98.78392762022462
C1723,2025-02-24,5,97.46480884343148
C2684,2024-11-08,4,95.96640880642398
C2233,2024-11-04,5,96.80808830156086
C1313,2025-10-05,5,96.33359143082859
C2522,2026-03-12,2,97.0536170266125
C0985,2024-07-07,2,97.59684470779223
C2550,2025-12-21,2,98.06284442774853
C2922,2024-02-11,3,99.14109753009214
C0350,2025-08-12,2,99.45905057319575
C2108,2024-11-15,3,97.26664829601671
C1479,2025-10-18,3,95.43449004304564
C0879,2025-03-20,4,98.90561942904843
C2513,2025-01-08,2,97.33807285318791
C0311,2024-10-12,5,97.67758834671918
C1115,2024-06-19,1,97.9193912858674
C2979,2025-08-27,5,98.27255201783575
C1322,2024-09-19,2,99.3614942141593
C0280,2025-06-18,5,99.66551635652993
C2759,2026-03-14,2,99.60682966338561
C0967,2024-05-21,2,98.96637189618687
C0695,2024-05-27,5,99.35728704256064
C0910,2025-03-15,3,95.24330836784695
C2615,2025-09-19,4,99.16065206562783
C0271,2025-08-15,4,95.35409966058472
C1541,2025-02-19,4,98.6563501471729
C1125,2024-01-25,4,95.82988174580896
C1412,2025-09-18,1,96.76454118447853
C1310,2024-04-03,2,95.90250002785588
C1754,2024-10-31,1,97.17296201952266
C0841,2024-07-03,4,97.01756247470144
C1822,2024-10-09,4,95.23550793546644
C1004,2024-06-03,5,99.06943993100347
C0240,2025-11-16,4,99.18551382939269
C1640,2025-11-15,2,98.85878549562449
C0361,2025-10-27,4,99.15327235583322
C0734,2024-01-14,4,98.67930727302534
C0852,2025-10-01,1,99.59367378232841
C0860,2024-12-06,2,97.82432202597904
C0701,2025-08-26,3,97.85494847827232
C1351,2026-02-21,5,99.21355855128344
C2884,2026-01-03,3,96.71213617892113
C0823,2025-04-17,1,95.2454035355926
C1635,2024-04-17,4,98.674291437451
C0097,2024-11-26,5,96.24748697911077
C0327,2025-06-23,2,97.32375547894681
C2121,2025-03-14,5,96.17815519480504
C0994,2025-12-09,1,99.05274517493818
C1280,2025-12-12,4,99.69563552888944
C1767,2025-10-27,1,95.26961320764288
C0994,2025-01-18,2,96.14352099417198
C0333,2025-08-04,3,95.92885440669502
C1181,2024-06-08,4,98.29869721243318
C1965,2025-03-07,4,97.10052415889918
C2506,2025-01-30,1,97.23568215121972
C2782,2025-09-06,1,95.76968751346368
C2924,2025-05-02,1,97.032199743496
C2906,2026-01-17,4,96.48581857505458
C0099,2024-07-07,1,97.99483548188633
C2780,2025-02-21,5,96.06446732081014
C2973,2024-12-08,5,98.01257557151763
C0244,2024-12-26,5,96.85095144010873
C1501,2024-04-18,4,96.69684335393914
C1465,2024-10-27,1,96.49722750738897
C1399,2025-01-02,2,98.30178412072657
C2710,2024-09-11,1,97.75585018662159
C0367,2024-11-11,4,99.1734363300105
C2547,2025-12-05,5,96.18388987011942
C1482,2024-03-11,4,95.19658593911511
C2161,2024-09-25,1,95.89191506100576
C2993,2025-05-15,4,96.68244618521149
C1048,2024-07-27,2,95.88030945251174
C0283,2025-04-22,4,95.40920231978116
C1316,2024-06-24,3,97.18215851853088
C1387,2024-08-26,4,98.31697495238696
C2449,2025-09-01,1,98.6826967580745
C2616,2025-03-17,3,96.95376389112116
C2762,2025-08-23,5,97.34241851328053
C1738,2026-02-02,1,98.70180541753653
C0422,2025-05-06,2,96.7282683685109
C2897,2024-04-08,4,98.84535443521307
C1267,2024-11-24,4,99.74014272143496
C1378,2024-11-21,1,99.31435505437277
C1412,2025-03-20,4,97.22261714976644
C0475,2025-10-27,4,97.83964062495573
C2453,2024-10-21,5,98.51048929461473
C2084,2025-03-17,4,96.71157216793729
C0358,2026-03-05,4,98.9162666898838
C0558,2024-01-31,5,97.1408932768746
C1351,2024-05-10,4,99.14952363469213
C1068,2025-12-28,5,96.24819608513772
C2368,2025-06-10,2,95.05575247603088
C0738,2025-03-13,4,98.10017314026464
C2706,2024-11-21,1,97.21425667571631
C2520,2024-09-23,3,95.29313327338605
C2573,2024-10-12,2,97.38930053005808
C0025,2024-10-17,4,95.82599224256542
C0640,2025-01-02,1,98.08577089713721
C1575,2025-04-30,3,97.18072333046014
C2924,2025-07-08,5,95.83851128433426
C1209,2024-06-16,4,97.0185008413392
C0174,2025-04-15,5,96.1402731600696
C1418,2026-02-05,2,98.20017422431728
C0186,2024-06-18,3,96.44620253282407
C1305,2026-02-09,3,99.02788501525139
C1001,2024-12-11,5,95.06939970690841
C1319,2024-03-18,5,96.97674808505725
C0528,2024-03-25,2,98.02369423238106
C0684,2025-10-22,1,95.1107805938009
C2234,2024-07-19,4,96.05762532236787
C1568,2025-08-11,1,96.60435780169435
C0575,2024-12-26,3,95.10703831745349
C2035,2026-01-31,4,97.67878445376829
C1885,2025-07-18,2,98.09125510651397
C1325,2024-10-28,1,96.11485903388386
C0309,2024-10-19,1,97.66306536390906
C1213,2024-10-20,4,99.89572175687174
C1842,2024-04-18,2,99.34590450996187
C1435,2024-12-30,2,95.2874380748424
C0538,2025-08-22,1,95.62662407564
C0858,2025-11-08,1,97.4225762746117
C1575,2025-05-08,5,96.2014854628371
C0193,2024-09-23,4,95.39674926216647
C1187,2024-04-02,2,96.24731701445403
C0053,2025-11-15,3,95.29977267860163
C0475,2024-03-04,4,97.59657096636668
C0174,2025-03-03,5,97.40222550798612
C1220,2025-09-29,4,95.03099815242514
C1814,2025-01-02,1,97.36433033865525
C0700,2026-01-11,4,97.54704522157886
C2438,2024-04-14,4,97.96794833095684
C0457,2024-07-27,4,99.75348864959187
C1355,2025-07-27,3,99.8151928925548
C1519,2026-01-21,5,97.58195362228703
C2170,2025-04-18,4,99.14141481828794
C2466,2024-03-01,4,95.41731227295251
C0159,2024-12-11,3,97.60265764990737
C2646,2024-01-12,2,98.32661029019742
C1838,2025-04-10,4,97.76717121589078
C0516,2025-10-10,4,96.13053287282551
C1026,2024-07-13,2,95.3070241328926
C0659,2024-03-14,4,96.89467949441843
C0678,2025-01-20,4,98.17344823915512
C0315,2024-05-15,4,99.85939406091227
C2376,2025-07-08,5,96.15901391178134
C0276,2025-03-11,1,99.49717055758579
C2764,2024-02-08,5,95.3344808576738
C0452,2025-06-26,2,99.5618474422275
C1589,2025-10-15,5,99.07859716256316
C0486,2024-11-15,5,95.10263222838606
C1131,2025-07-09,3,96.46110833303446
C0567,2025-11-30,2,95.24968760302481
C0246,2024-12-18,2,99.87797877049485
C2983,2025-05-28,2,97.0964356224605
C0889,2025-04-27,5,98.24465024609212
C2212,2025-02-19,2,96.1475338166297
C2575,2026-03-14,3,99.57530756947101
C0001,2025-01-04,4,96.34345303384342
C2911,2024-12-08,5,96.27505157578126
C2185,2024-11-20,4,96.54154047011264
C0151,2025-01-01,4,97.26619690678847
C1768,2024-12-01,5,95.09081035852559
C1511,2024-10-22,5,97.92940375062761
C1249,2024-01-24,2,95.15516240598961
C1129,2025-03-17,3,97.64209218992401
C0999,2024-04-13,5,97.24363602069235
C0698,2025-02-15,4,96.18848058486842
C1089,2025-07-27,5,96.61586328413705
C2381,2025-10-26,3,98.45773307509889
C2420,2026-02-13,1,95.04702784736985
C1231,2024-10-20,4,96.55157097632622
C2629,2024-08-30,1,98.33345654540786
C0686,2024-12-07,1,95.7461419404725
C2757,2025-09-24,3,97.74588970551191
C0928,2024-06-21,5,95.8277713495653
C1843,2025-02-19,1,95.7583331965993
C1733,2024-04-12,2,98.78417246904641
C0740,2024-06-08,5,96.30597423117558
C0271,2024-09-13,4,96.84126868286738
C1973,2025-12-14,5,98.57708852156236
C0711,2025-07-10,3,95.87964604266058
C0325,2025-07-29,3,97.605511404531
C0990,2024-07-14,4,99.49731635244686
C1551,2025-01-25,4,97.7137514149546
C0798,2024-03-10,4,95.2393442564548
C1870,2025-11-23,3,97.88951664591785
C2968,2024-09-03,5,95.44175165762054
C2595,2024-11-24,1,96.3824102481231
C1093,2024-06-06,1,99.16340801618321
C2956,2025-11-28,2,95.05423872753623
C0212,2026-01-12,3,95.37736521245665
C1582,2025-08-07,4,96.78048423053382
C1444,2024-02-24,5,99.89703981150681
C2645,2025-04-30,3,96.43013313975203
C0048,2024-08-30,2,95.77064563180656
C0231,2024-12-18,1,97.69216845095642
C0579,2025-02-13,5,97.54434960569498
C2998,2025-12-27,1,97.20313598330131
C1113,2024-01-15,5,99.63860338501046
C1755,2024-05-26,4,96.37273191765755
C2980,2025-05-04,5,96.43728872338363
C2100,2025-10-17,4,95.68725915979671
C0422,2024-01-25,3,98.41671128778927
C0611,2025-09-02,1,96.57471040829464
C0446,2025-11-21,5,98.9334274359237
C0961,2024-11-28,5,99.76161359912732
C0131,2024-06-22,2,95.2140576857539
C2648,2026-02-13,1,99.86629726128481
C1672,2024-10-16,3,96.24511070914971
C2422,2025-07-23,4,97.05854075054718
C2599,2026-03-01,3,98.81094243701419
C2578,2024-05-24,2,98.26012259648269
C2435,2024-05-01,3,98.81434091209088
C0336,2024-01-27,4,97.2850268770224
C2784,2024-03-06,1,99.48872868500703
C1141,2024-04-10,2,98.87070994648505
C1025,2025-01-22,5,96.51521707962502
C1653,2024-04-03,5,99.64755308460893
C2944,2024-03-07,1,99.70916554778914
C0538,2024-09-06,3,97.03376242320805
C0496,2024-05-21,5,98.1946063911392
C0508,2024-09-23,2,98.99236582254814
C0681,2025-07-05,4,99.0047735126701
C2613,2024-08-02,3,95.06920536898471
C0781,2025-05-03,4,98.08216680192805
C0760,2025-05-10,3,99.77112655750797
C0128,2025-04-24,2,96.13360102420124
C1293,2025-10-04,4,98.898483409967
C2194,2025-05-04,2,97.61781334327722
C2547,2024-01-01,4,96.08520403458067
C0966,2024-01-09,3,95.25008607301159
C0560,2025-01-14,2,98.72361638398334
C1223,2024-05-23,3,96.55070471267166
C0924,2024-10-28,3,96.84037153751902
C1628,2025-10-11,4,97.37763216092016
C2451,2025-02-20,4,97.48525502455941
C2390,2024-06-27,2,96.01030932715501
C1072,2024-10-04,5,98.28614575192351
C0541,2024-05-23,1,98.39344590178378
C1200,2024-12-04,4,95.6972745300463
C0511,2025-04-03,3,97.61125674557165
C2067,2025-12-02,1,97.98537080631374
C2543,2024-11-26,2,95.91263256266143
C0355,2024-09-26,1,99.38286441999365
C2607,2024-07-05,1,97.36584671975892
C0345,2025-10-27,5,95.56363895256348
C1084,2024-06-20,5,96.63854127034385
C2736,2025-02-07,1,97.3371061965458
C1791,2025-04-12,5,95.04970635009545
C2277,2024-09-03,5,95.15635839091762
C0147,2025-06-06,1,95.27205091702203
C2380,2025-07-12,4,97.63686260690723
C2481,2026-02-16,5,96.64683216156385
C0399,2024-04-20,1,99.3762098354744
C1724,2024-10-29,4,97.74024597441158
C2884,2025-04-17,5,98.72349201122248
C1435,2026-03-01,1,98.36695256609985
C0587,2024-10-18,5,97.54957156346485
C2647,2024-09-08,4,98.64913015484912
C1295,2025-08-10,1,97.66905794405187
C2805,2024-06-23,4,96.88873589543321
C2394,2024-04-18,3,97.13544367928748
C1543,2024-12-05,2,99.10865656376502
C1805,2024-01-14,3,97.76004043480538
C2036,2025-11-23,5,96.84875112599535
C1428,2024-11-17,4,95.88074144277262
C0738,2026-02-22,1,97.42725342678835
C1778,2024-02-12,4,96.23678013670913
C0380,2025-04-05,5,99.68234140282902
C2469,2024-04-11,1,97.40581221479033
C1204,2025-09-16,3,95.04384654205737
C1662,2025-12-05,4,95.45509822852293
C1307,2024-01-09,2,96.39319000938166
C2466,2024-05-28,5,95.45159792432173
C0356,2024-12-03,5,99.38041490492748
C0016,2024-08-11,4,99.18632267732261
C0315,2024-04-19,3,99.75722139349611
C2581,2024-12-19,3,98.46168151028468
C1040,2024-03-24,2,98.16277627643888
C1487,2025-07-08,2,99.52513352568931
C2593,2024-03-06,4,99.637326409551
C0694,2025-01-22,1,99.29969043012966
C0069,2025-09-12,3,99.22121693471713
C0411,2025-09-05,1,98.29134595167427
C2860,2024-05-14,1,95.00786914147426
C0919,2024-03-26,4,97.1046335466153
C2895,2024-03-24,2,98.1147475787788
C0740,2024-08-14,1,97.68092416417856
C1491,2024-09-16,4,99.02352048646527
C2487,2024-01-20,2,99.01262115491924
C2578,2024-02-04,1,97.93354184636188
C2778,2026-01-24,1,95.10777086096941
C0273,2025-03-18,2,96.80971676644012
C0459,2024-09-26,2,96.12120126818303
C0820,2026-01-04,5,96.66006173290073
C1197,2025-02-09,5,98.0247340071287
C2616,2025-05-22,4,95.32566332314536
C0861,2024-10-30,4,95.10898604033996
C1974,2025-10-31,3,97.1406772883035
C1545,2024-10-11,5,98.88851177801347
C2545,2025-07-01,2,95.15042301553291
C0795,2024-01-29,5,99.16033806695602
C0805,2025-01-25,4,96.88101020047505
C1096,2025-02-19,4,95.57935360183271
C2982,2026-02-05,4,97.7807388711107
C1891,2024-05-21,2,99.66656675097961
C0840,2025-10-07,1,97.6583132052902
C2683,2025-10-17,4,98.36451030335127
C0603,2024-12-06,5,99.000464305766
C2784,2024-09-01,1,98.91676659901236
C1433,2026-02-04,5,95.35828176971732
C1834,2024-01-05,4,98.63087752483153
C0367,2025-03-24,2,99.65230287277708
C0256,2024-09-22,1,98.43319594650484
C2488,2025-05-05,1,99.0985701791813
C1359,2024-08-26,4,97.3791935349545
C2483,2024-09-06,4,96.56343969922708
C0690,2024-10-17,4,98.31357219314529
C0308,2025-06-26,3,97.41177989278513
C2036,2025-09-23,2,99.38691539594059
C1697,2024-03-19,2,99.77447164610992
C0409,2025-06-04,4,99.01703013079411
C0826,2025-03-25,3,99.86413012567868
C1192,2025-07-09,4,96.7070159321321
C2135,2026-01-03,4,99.38920135589697
C2051,2024-05-23,2,96.61667478110716
C2420,2024-04-29,3,95.57838656899918
C1552,2025-07-18,2,98.04473110702611
C2690,2025-07-30,4,97.22944430812879
C0098,2024-06-24,5,99.51632624381003
C2718,2024-03-10,1,97.41175004913228
C1775,2025-09-24,4,99.54539963864009
C1546,2024-07-21,3,95.38530594925601
C0321,2026-03-11,5,99.06950799515704
C0534,2024-06-28,3,98.71965991547548
C2868,2025-08-15,4,98.52789354004486
C2415,2025-07-20,4,96.74016568983707
C1208,2025-11-21,1,98.84042221638812
C0417,2025-09-01,3,97.36815323829941
C2777,2024-04-19,5,98.50449720333536
C1238,2025-02-27,1,97.70591301924733
C0848,2025-10-26,3,95.77145455221371
C0670,2025-05-17,4,95.31633709184918
C1944,2025-02-09,1,96.79431459089668
C2181,2025-09-28,4,99.57066523243466
C2101,2024-03-31,2,97.59570160202561
C0741,2024-10-20,2,98.93074113132268
C2743,2025-01-27,1,97.82217004617928
C0023,2024-02-06,1,99.69373590273985
C1655,2025-05-31,3,96.81033225455755
C0460,2025-10-23,5,95.27954723135207
C0650,2024-11-11,5,98.82527507819736
C0482,2024-06-20,2,98.45673689082236
C0120,2025-02-09,2,97.5849184729679
C0673,2024-09-18,2,96.59931709163254
C2256,2025-04-28,4,95.92249922367826
C1885,2024-01-27,5,97.36315261646395
C0318,2025-05-09,1,98.2643869055234
C2386,2024-02-24,2,97.83654350391394
C2203,2024-09-05,3,97.14370350082088
C0868,2024-09-29,1,97.64450277721306
C0394,2024-09-15,1,95.52897915854153
C2553,2026-02-16,1,98.40961650891362
C0971,2024-07-09,5,98.59785461460008
C0313,2025-07-28,2,95.05611776007575
C1283,2025-03-21,3,96.32554582371826
C2062,2025-05-16,4,95.45137261484903
C0077,2025-09-07,3,99.89133744618503
C0409,2025-01-27,3,97.9073798854003
C2442,2025-02-11,3,97.28211666171016
C2268,2026-03-10,4,97.26870499300718
C0744,2026-02-09,3,99.72739220422098
C0433,2025-11-03,3,98.2332926269328
C2854,2025-11-13,2,95.82643183541074
C1479,2024-04-18,2,97.19597825717975
C1678,2025-10-13,2,98.79356452063492
C1832,2025-08-27,1,97.0744153276081
C0988,2024-04-12,3,96.51671378684561
C1522,2024-08-13,5,99.85695877524326
C2702,2024-12-18,5,99.58462195959993
C2865,2024-06-08,5,99.6136458096874
C1554,2025-02-07,4,95.64519539539641
C0755,2025-12-07,2,96.1478507583649
C0676,2024-11-19,2,97.16612809501262
C0832,2024-05-24,2,99.07743336533954
C1120,2026-01-23,4,98.61045494711536
C0028,2025-04-09,3,99.1633702362469
C1254,2024-05-11,1,99.51174012667113
C0416,2024-04-02,2,98.82575753094756
C2073,2024-09-29,3,96.2826730497104
C1711,2025-12-04,5,96.39868384369713
C2721,2025-06-17,1,96.72718963995318
C0542,2024-07-12,5,96.48506929748473
C0165,2024-06-18,3,96.22058485354526
C2256,2025-04-04,3,98.68718169339114
C2997,2024-01-11,5,95.16655614941187
C0985,2024-06-29,1,98.56912931666582
C2662,2024-08-19,5,99.03546248042335
C0373,2024-01-29,5,95.3236158123896
C0618,2025-06-15,5,95.30305082528488
C0069,2024-01-05,1,96.39877263417718
C1544,2025-06-29,4,96.02070339644816
C1659,2024-05-19,1,97.84755500108196
C0101,2024-01-28,5,98.309712563158
C0001,2024-04-07,2,98.1072957809112
C2399,2024-09-18,2,96.75100211428489
C2055,2026-01-27,3,97.44214938960683
C0318,2024-01-19,4,98.13595506457018
C2671,2024-01-12,3,95.58518871715121
C1879,2025-06-20,3,96.12460838082409
C2557,2025-06-08,2,99.36343115453231
C0186,2025-04-09,1,96.67739924509065
C0728,2025-08-10,3,98.92566627140656
C2510,2024-09-15,3,96.22984978645201
C0343,2024-01-24,4,95.20403772252651
C2683,2024-01-08,2,97.4519629031197
C0713,2024-08-15,1,99.3731620134562
C2624,2025-01-10,4,99.01449429079648
C0136,2024-05-02,1,96.23940192773
C1923,2024-03-30,1,99.4586852946793
C0383,2025-03-31,3,97.35060788508989
C0186,2024-08-11,4,95.24009511856448
C2687,2026-01-05,3,95.13683063686199
C0928,2024-09-13,5,97.3770572966163
C0964,2025-05-29,1,97.6769819929977
C0561,2026-02-21,4,95.3915733108547
C1190,2024-05-27,2,99.51897920325338
C0898,2025-01-21,3,98.51926245960503
C2687,2025-12-01,5,98.92628355658503
C1929,2025-11-29,5,97.86171393096012
C1838,2025-03-13,5,98.25136597315712
C2369,2025-11-30,3,96.9005151261529
C1713,2025-09-27,2,98.32855571622606
C1739,2024-02-06,4,99.79309616788092
C1181,2025-10-22,1,98.17380796199375
C0858,2024-04-15,2,96.67400524207854
C0285,2025-09-06,3,96.39767169967409
C2399,2024-08-19,4,99.72039511015062
C2131,2024-05-25,1,95.90651125582951
C1648,2024-01-17,4,98.95036339718114
C0666,2024-06-07,1,97.27978523084292
C1394,2024-10-08,1,97.17442279632873
C2589,2024-10-04,5,98.66293516109637
C2025,2024-05-04,3,95.72538830722512
C2528,2025-11-15,2,97.28485003811011
C2261,2025-02-23,5,95.17558507006197
C0930,2024-11-15,5,98.2849934254062
C2408,2025-11-05,4,95.28604869137297
C0214,2025-12-15,1,95.42771510860204
C0304,2025-04-26,1,99.1396492680231
C1404,2025-10-28,4,97.17048041637806
C0200,2024-11-19,3,95.9847808738864
C2286,2025-01-29,1,97.90366442218136
C0671,2026-02-11,5,97.54448799646421
C1729,2024-07-04,5,97.01345080104001
C1250,2025-04-10,1,99.43654362707181
C0879,2024-02-26,1,98.6723441909465
C0251,2025-12-29,3,95.74280506915096
C2524,2025-04-02,1,97.79679578474236
C0498,2024-07-26,3,95.43484511345336
C1988,2025-12-14,5,96.19880445516975
C0978,2024-03-14,3,99.45831569893114
C2749,2025-04-28,1,97.26419163597039
C0784,2024-03-25,2,99.37131989792674
C2477,2025-09-23,1,95.81339493139866
C0539,2024-01-14,2,96.00617456280703
C0901,2025-10-02,5,96.72884114302876
C1467,2026-03-04,4,96.79499564707139
C0210,2024-02-18,5,98.65185862413006
C1734,2025-03-01,5,97.93711175364503
C0491,2024-12-24,5,97.7109221871385
C2519,2024-08-29,3,97.95163998345767
C1710,2024-02-22,5,98.5877377253647
C1754,2026-02-15,4,99.37480152918454
C2616,2024-03-09,1,97.03222578673838
C1919,2025-07-05,2,98.93433712032498
C2035,2025-11-26,5,97.42597472712154
C2712,2025-10-06,2,98.53818338849274
C1930,2024-02-25,5,99.28663656149287
C1487,2025-03-31,3,95.15785262958768
C2598,2024-09-11,2,97.67848580115023
C2004,2024-01-05,5,99.84796506965634
C1501,2025-08-03,5,97.43149963116008
C0198,2024-02-21,4,99.2350880447483
C1968,2024-11-24,4,95.91090927684246
C0521,2024-04-07,4,97.96100674220703
C1523,2024-06-09,3,99.26449921984879
C1535,2025-02-09,2,97.11451234493198
C1714,2026-02-21,3,97.38493808863471
C1349,2025-07-30,1,95.40188773180019
C0688,2024-11-22,5,95.20664325055796
C0467,2024-08-30,5,97.29667066795662
C0596,2025-05-18,5,99.13302912504156
C0139,2025-01-01,4,99.56348893336211
C1015,2026-02-12,5,98.22739971696025
C0242,2025-12-24,4,99.04935313673963
C2364,2025-03-17,1,98.60078539702619
C2715,2024-06-02,3,98.43728055181201
C0733,2024-08-21,3,98.76826218405512
C0135,2025-10-13,3,97.47598446681356
C2627,2024-11-28,4,97.2438967071346
C2487,2025-05-09,2,95.77980325898511
C2125,2024-04-24,2,99.13469505186964
C2448,2025-01-03,1,95.21860801250914
C2422,2024-11-28,2,96.31047619406291
C1511,2024-05-09,1,97.54758912101407
C1819,2024-06-26,5,99.76083075135804
C0758,2024-04-04,3,98.8512674172499
C2797,2024-11-12,4,96.80648900077829
C2812,2024-04-10,1,98.49834711351093
C0417,2024-07-14,4,99.56371000127427
C0207,2026-03-12,4,97.64052891253168
C2389,2024-07-26,3,97.26350695795466
C1644,2025-08-29,5,97.7096670341442
C2769,2025-04-17,5,96.52649720165452
C0311,2025-09-06,2,99.44600917235255
C1332,2024-01-08,5,98.90668088106125
C2673,2024-05-15,3,98.45687215053105
C1400,2025-09-01,4,97.88655119475695
C1551,2024-09-17,1,99.75042641441573
C0083,2024-05-26,1,96.45875807442467
C1601,2025-04-02,5,96.38736230804356
C1476,2025-11-27,2,96.18647783102959
C1027,2025-03-13,1,98.63470234436018
C1480,2025-02-16,2,98.90669963538407
C2921,2025-05-14,1,97.9258594632168
C2284,2024-08-19,2,98.19472018065677
C2437,2024-04-10,2,96.70990774657133
C2441,2024-05-26,4,95.19481195811713
C1665,2025-12-17,3,96.24281563384214
C1783,2025-05-21,1,97.86308581293909
C2795,2025-07-11,5,98.98337014368352
C2078,2024-04-13,3,98.80825539432169
C1607,2024-12-01,4,95.8794880845466
C0982,2025-03-21,4,95.25208642937352
C0605,2026-01-03,4,99.1677441959806
C2331,2025-03-19,5,95.37038724024299
C0238,2024-04-27,1,96.92722518766642
C0731,2025-05-31,1,95.4617057182461
C1343,2025-12-23,2,97.76383868119818
C1995,2025-07-20,2,96.78034851281883
C1361,2025-06-14,2,95.99221872722741
C2079,2024-03-28,5,97.91632157426841
C0978,2026-01-28,3,96.78061977041048
C0915,2025-09-20,1,95.81726243343194
C1638,2025-04-20,2,98.4304234215649
C1629,2025-11-12,5,99.10036071842364
C2255,2025-04-29,5,96.34133859832873
C1982,2025-10-23,2,95.91348272442902
C2951,2024-10-21,4,95.36873412372886
C0583,2025-12-20,4,97.58672041284402
C0460,2025-01-15,4,99.07333912875869
C0136,2024-10-09,2,96.22887048550157
C1977,2025-11-16,5,97.2571250809891
C0978,2025-09-30,5,95.78793692189412
C0284,2024-06-04,1,96.98058403756878
C2898,2024-06-28,4,95.07568102702183
C2399,2024-03-27,2,99.46257243248192
C0017,2025-02-09,1,98.31520228550279
C1239,2025-05-10,5,96.63078721641038
C1423,2024-09-23,1,99.31787147427451
C2462,2025-08-16,4,95.89635518422192
C1268,2024-03-04,3,95.3857952860928
C2054,2024-04-28,4,99.61884574761488
C0780,2024-12-06,4,96.51418311250588
C2135,2024-11-08,2,99.58626963113143
C2237,2024-06-11,3,98.12430330443675
C1640,2025-05-19,3,99.80221037079582
C0420,2024-10-19,3,98.69180313984086
C1827,2025-11-20,5,95.51687094794866
C2296,2025-01-11,1,99.17592046817987
C0860,2025-06-25,5,95.72460476038705
C0207,2025-02-04,3,98.39176826829414
C2472,2025-11-03,2,97.45199650217448
C2597,2025-02-03,4,98.46785253990798
C2535,2025-02-02,4,98.74844871007417
C2181,2025-05-01,5,98.93795953592526
C2041,2025-05-29,5,99.091402650209
C0115,2024-01-24,2,99.15140015559327
C2425,2024-02-28,4,97.02161468995986
C0211,2026-01-18,5,99.35721755374182
C0132,2024-08-27,1,98.52594324237337
C1398,2024-11-06,5,99.11095756394978
C0154,2024-11-16,5,99.84703762903655
C0920,2025-11-02,3,95.5704322364495
C1447,2025-04-25,1,96.8158405186585
C0952,2025-07-25,1,98.9520804014607
C2854,2026-01-21,2,95.42288700984166
C1390,2025-02-17,3,97.64982722081506
C1718,2024-11-17,1,99.20614999874785
C0147,2025-02-05,3,95.09305718972001
C1818,2024-02-28,3,99.60364260293946
C0715,2024-02-22,4,99.79290963713255
C1597,2024-03-04,1,96.57917655557037
C2279,2025-09-24,4,98.75727683781126
C2499,2024-04-28,5,95.62316290305581
C1524,2024-10-12,5,98.78703492558316
C0907,2024-01-18,4,97.35945623608663
C1647,2024-01-05,5,99.21533808478824
C1725,2025-01-26,4,96.04177149365339
C2031,2024-06-08,2,98.29602397088698
C2155,2024-05-21,3,98.85198395463767
C2141,2025-01-31,2,95.9922120997364
C1660,2024-01-18,1,99.00960766009213
C0829,2025-08-02,2,99.69412895461517
C2188,2024-04-23,2,98.0187851396111
C1338,2025-06-17,5,98.8457670422737
C0011,2025-06-15,4,97.60966091086226
C2496,2026-02-13,1,97.9307064688786
C2975,2025-04-05,5,95.06542692917583
C2443,2025-09-01,1,97.56900760749653
C1529,2025-09-08,3,97.8202623741378
C0378,2024-10-12,4,98.2832329742504
C0361,2024-01-05,5,95.83001398328018
C2731,2024-05-08,2,96.18273388568696
C1572,2025-11-01,3,98.7044226952921
C0642,2026-02-01,2,95.8214302181341
C0573,2025-05-13,1,97.03852775469021
C1956,2024-10-02,3,96.2274020730456
C1585,2024-03-23,5,97.67140210774659
C0923,2024-04-27,2,99.83566731765923
C2444,2024-01-29,2,99.17498569862364
C2234,2024-12-23,1,96.3204242658118
C1542,2025-10-11,1,96.80619787183437
C1815,2024-06-05,4,99.50130455423943
C2419,2024-01-31,4,99.40164536453823
C1890,2024-10-12,1,95.7865873883984
C1900,2025-10-26,4,99.06342854559722
C1228,2024-12-01,2,96.45827873345851
C2656,2025-07-23,1,97.66463548065953
C2330,2024-11-08,3,95.02498210752196
C1440,2025-08-21,1,99.89309193539117
C1057,2024-05-02,5,98.7293727012774
C2130,2025-12-03,5,96.18449199350376
C1507,2025-01-05,1,98.3505949812814
C2196,2024-11-09,3,96.43720607783506
C1631,2024-01-28,1,95.43833348853148
C0965,2024-06-03,3,97.08401878619894
C0992,2024-08-17,2,98.00722242597386
C2996,2025-07-02,2,95.43990954523429
C0495,2024-01-06,3,97.54019086279182
C1194,2025-04-17,4,97.52283473898301
C2771,2024-11-13,2,98.08036167900715
C0703,2024-08-12,5,96.19876362879927
C1031,2024-02-02,1,95.10114326790475
C1404,2024-03-29,4,96.59180178295547
C0826,2024-11-29,5,96.95304784337591
C2482,2024-02-09,1,98.1151311679341
C1058,2025-11-11,5,99.55784212514874
C0563,2025-01-09,4,95.99658906163924
C2186,2024-10-24,3,98.36793478096487
C0367,2025-01-27,1,95.47726445592902
C2154,2024-01-18,5,95.9340466022186
C0794,2025-06-10,5,97.494759106691
C0636,2024-05-11,4,98.47105013788288
C1706,2024-10-16,4,99.20698582611061
C0987,2024-07-27,4,98.64512681670053
C0958,2024-11-22,3,95.07522865561654
C0855,2025-05-17,2,98.35126349700485
C2126,2024-10-05,5,99.0408227481315
C1570,2025-01-16,3,97.57511403920678
C2257,2026-02-26,5,99.73143358573542
C1435,2024-11-04,3,95.02113086997478
C0008,2024-10-03,1,99.0114239580591
C0737,2024-03-16,2,96.64061668640406
C2275,2024-10-24,5,98.18720393051535
C2223,2025-01-12,4,98.39806128265066
C0081,2025-03-08,2,96.50062018024859
C1159,2024-04-21,5,99.87758004908619
C0238,2026-02-16,1,95.50592513754484
C1496,2024-03-12,5,95.7694425173264
C1050,2024-11-12,5,99.37173935573021
C0187,2024-01-21,5,95.58398139457988
C1906,2024-07-06,2,96.86830269725525
C0630,2024-04-30,5,98.59239683829139
C1733,2024-12-07,4,98.87831011809513
C0815,2025-10-14,3,99.67787896638269
C0614,2024-10-30,4,98.86891178990359
C2940,2025-03-22,1,99.13820868218681
C1187,2025-12-16,2,99.65194242790261
C2226,2025-12-21,3,97.71306969214316
C0985,2025-05-10,2,96.68282395448287
C2328,2025-06-04,2,98.73190440886587
C0798,2024-07-03,5,95.80135377346564
C1078,2024-11-27,4,95.33433518301987
C0067,2025-12-13,3,98.84812123910157
C0544,2025-07-29,5,99.65828965450798
C1787,2024-12-15,3,97.16799003033525
C0520,2024-11-15,4,95.78955392189579
C2547,2025-06-20,5,97.43540278282563
C0946,2025-02-15,3,96.92725747457172
C1455,2024-06-04,5,96.82512230481663
C2775,2026-01-02,2,98.07759611588835
C1059,2026-03-14,1,95.8562050020805
C2237,2025-10-12,3,96.86435958861716
C1113,2025-06-16,4,99.25651651162299
C0947,2025-05-16,3,98.5753589783239
C0136,2025-04-30,1,95.27238348726507
C2594,2024-06-02,3,97.51812860021619
C0793,2024-03-08,3,95.4473470577437
C1137,2025-05-06,3,99.69173250184797
C1363,2024-02-10,4,96.19873914032672
C0555,2025-06-10,1,99.56984302599574
C2942,2026-03-01,1,99.08664120160843
C0946,2024-06-17,4,97.70168573001678
C2573,2025-10-07,3,96.64789240693055
C2222,2025-12-11,3,99.2039387353842
C2685,2026-01-19,1,95.74864013458905
C2255,2024-04-21,3,95.88187315810525
C1367,2025-04-07,2,96.10114111909736
C0949,2024-02-21,3,97.92871479944633
C0104,2025-10-10,3,96.54019360030732
C1047,2024-09-11,5,99.84698905344666
C1861,2025-09-18,1,95.95605387293651
C2338,2024-06-06,1,98.94748947801536
C2615,2024-10-26,2,95.4695974706833
C0964,2025-03-02,2,96.73188815526765
C0838,2026-02-14,2,96.19443625100966
C2459,2024-11-02,1,99.78649614828825
C1583,2024-04-08,5,95.12607984090954
C0882,2024-04-30,5,98.53618067593274
C2934,2025-08-24,4,96.2138384144644
C0424,2024-01-30,1,98.97511844667444
C2203,2024-08-17,4,96.5249995579674
C2199,2025-10-12,3,95.91769280055627
C0212,2024-09-10,2,98.39589527197398
C1216,2025-02-07,4,96.26212502496891
C0881,2025-05-08,4,97.37917966289424
C0755,2024-01-31,1,95.64451376933881
C1122,2024-06-10,2,98.55053025411155
C2589,2025-03-07,2,96.99349740476399
C0701,2024-06-04,5,95.68884082124258
C2220,2024-11-18,4,98.63381572927581
C0371,2025-09-20,5,95.50647474095551
C1733,2024-07-09,4,97.81662007029394
C1164,2024-06-24,1,97.97667733148126
C0913,2025-05-31,1,99.55871745183602
C1829,2025-06-07,3,95.73980444287166
C0802,2025-07-24,4,98.20139716267832
C2304,2026-01-31,4,96.8657660488368
C0990,2024-12-04,2,96.96399030042892
C0676,2025-08-27,2,97.45894339152466
C2912,2024-11-14,5,96.14554459904012
C0416,2024-04-20,3,97.25979787086705
C2377,2025-04-17,1,98.3655462251641
C2966,2024-01-17,4,97.23985389378745
C1163,2024-08-07,5,95.20829129392234
C0962,2025-05-01,3,96.2633486129698
C2872,2024-10-31,2,96.72215504249024
C1621,2025-05-31,3,96.7381335707592
C1536,2024-05-08,5,95.39693377334467
C0249,2025-09-15,1,97.2028957029246
C1887,2024-01-24,2,98.39055019304398
C2793,2025-06-24,2,95.23849288843826
C2356,2024-05-11,1,98.67952844462883
C0573,2025-07-09,2,99.68001549452096
C1809,2024-11-16,5,95.04575696622086
C0798,2025-05-11,2,95.94909234806751
C1001,2025-12-19,4,97.66309013349193
C0761,2025-01-16,3,96.06844248409534
C0293,2024-08-03,5,98.74666755522156
C2458,2026-01-25,1,96.52945814330127
C0198,2025-06-26,5,96.4387638833578
C0080,2026-02-16,4,95.00452699133886
C1409,2024-01-11,2,96.32361832212256
C0137,2024-03-22,2,96.06658555734361
C0213,2024-06-04,5,96.68188073899813
C1863,2024-06-14,2,95.72351759981908
C0619,2024-07-26,2,97.91377846547023
C0960,2024-01-24,4,96.16983356311248
C2214,2025-11-21,1,99.07557923726607
C2478,2024-11-27,3,96.3943339390143
C2169,2025-07-15,5,96.03326103735233
C2379,2025-06-02,1,95.27808167350324
C1723,2025-05-25,3,98.62554278110655
C1162,2025-09-03,1,97.49022005768403
C1890,2025-08-15,5,95.55753668716437
C2041,2024-08-28,4,96.08454043482581
C1554,2024-06-29,4,99.89372345309323
C1100,2024-10-19,4,98.94954076123955
C2668,2024-03-23,1,96.71436048026119
C1689,2025-07-19,5,97.65851867001518
C0037,2024-03-30,2,97.03848407861291
C0845,2025-03-14,2,95.17830887046419
C1682,2025-12-15,4,98.81551734514325
C2845,2025-06-26,1,98.51323195479382
C1644,2024-07-11,2,97.0031313410298
C2334,2025-05-02,1,99.14489597071508
C1264,2025-09-03,5,97.62022156495715
C2935,2024-12-14,4,95.31952135311784
C2268,2024-03-29,3,96.27109082220971
C2044,2024-05-02,4,97.26268689682065
C0216,2025-01-08,3,95.50690126968291
C0681,2024-02-16,2,97.79829784502824
C2341,2025-03-08,3,95.59078399224867
C1813,2024-05-25,1,95.98249010887282
C1508,2024-01-03,3,99.38051994055732
C2091,2025-06-13,2,99.89908070140206
C1117,2024-11-09,2,97.69624138582877
C1293,2024-11-22,4,98.03627818964566
C1645,2024-03-21,2,98.9074126199395
C2741,2024-06-01,1,98.41108353140004
C1239,2025-02-05,3,95.89408606880811
C0959,2025-05-02,5,97.01719047023838
C2162,2024-03-07,2,97.62207094265116
C2969,2024-03-29,3,96.76258876151887
C1149,2024-05-14,4,95.86292023181319
C2285,2024-07-20,5,98.60695538590073
C2701,2025-03-03,4,95.97434738488886
C1829,2024-06-27,1,96.27638105063885
C0158,2024-12-04,4,96.40394611412933
C0908,2024-03-19,3,95.79271822933224
C1529,2025-08-19,5,99.16280295267714
C2901,2025-06-16,4,97.99201996243701
C1141,2025-01-12,4,99.09026583696148
C2934,2024-06-13,1,97.41927363619463
C1560,2025-06-23,3,97.54585889659161
C2108,2026-01-18,4,98.01910868765839
C2449,2026-03-10,3,96.81750576526044
C1898,2025-11-27,2,97.4332620646724
C0828,2024-06-03,1,97.67988413243164
C1801,2024-05-02,1,99.67235793726853
C1204,2025-08-21,1,99.3262498459402
C2524,2024-07-20,3,95.63330465262516
C2703,2024-02-09,4,95.20228408728333
C0845,2024-06-17,4,98.33363636361508
C2972,2024-03-10,3,95.2410734665599
C1269,2026-03-02,3,95.29572021826803
C0638,2024-11-25,2,95.7803906445363
C0649,2025-03-15,5,96.723364745247
C2261,2025-02-02,5,97.13148094807093
C1630,2025-05-07,1,97.54495237010075
C0990,2024-12-19,4,99.86221214556366
C0804,2024-11-23,1,96.88764049808923
C0128,2025-05-12,4,96.18949017294683
C0952,2025-02-22,4,97.81873680206517
C2265,2025-05-17,2,96.05423966777433
C2759,2025-06-22,3,99.60866281578024
C0020,2024-12-10,3,96.27034608002329
C1782,2025-10-04,3,99.85067726470103
C0675,2026-02-27,5,97.05147413286615
C2762,2025-01-11,3,98.9821614360824
C0739,2024-10-21,5,98.17657359272428
C0557,2024-10-14,1,99.57412145477922
C2245,2024-09-10,5,98.06459206925256
C2984,2025-03-09,4,97.84796809926507
C2726,2025-05-15,2,98.19897697838572
C0504,2024-03-25,2,98.85368110750828
C1271,2025-06-04,4,99.40432399773496
C0738,2025-07-15,1,96.30739301047281
C0792,2025-05-27,2,95.98434675021254
C1371,2025-05-30,4,95.1683135087633
C0197,2025-05-30,2,96.81338809491365
C1131,2025-05-11,5,99.14630661190645
C2829,2025-08-24,2,95.34230140032075
C0744,2024-06-10,5,97.63874837467043
C1637,2025-10-28,5,98.40446431753222
C1184,2025-06-10,2,99.10057986229319
C2470,2024-12-30,2,97.85880857767994
C1631,2025-06-27,5,95.91296804994548
C1952,2025-02-28,2,99.7262276652693
C2039,2025-07-28,1,95.46379240097
C1337,2024-12-29,3,98.7680980978051
C2480,2024-04-17,3,95.42414019683221
C0926,2024-01-14,4,95.70275362763746
C0235,2024-01-23,3,99.40125640910523
C2375,2025-09-14,1,98.69006582714863
C2982,2024-11-16,3,96.79099052903672
C0479,2025-05-24,3,98.1297493476154
C2476,2025-11-02,1,97.24051138638241
C0666,2024-02-10,5,95.32603502839194
C1124,2026-03-04,3,98.53352532005961
C2906,2024-10-30,4,98.73995304630715
C1388,2025-10-17,3,99.32347279214488
C0642,2025-02-18,3,97.64912299839527
C2859,2025-03-25,1,98.29837595990713
C1517,2026-03-10,1,97.14644705003685
C0575,2025-01-28,4,96.56265536962835
C1722,2025-10-26,2,97.01732997642173
C1019,2025-08-16,1,99.467586547656
C1328,2024-12-30,2,95.80443929671652
C2851,2026-01-07,4,96.21764910634067
C0400,2025-03-04,3,97.97033487775089
C0595,2024-05-31,3,95.56977847564981
C1457,2024-09-15,2,99.3701361070969
C1596,2025-08-13,4,95.23145822212999
C0117,2025-12-07,4,98.70103023699805
C0383,2024-08-10,1,96.83126743103158
C0859,2024-09-22,2,95.25071131069616
C2130,2024-08-17,1,99.13034667922182
C1851,2025-03-14,2,98.13825514993424
C0832,2024-05-29,1,95.04340767482587
C0873,2025-04-01,1,96.3109109570846
C2701,2024-05-15,4,96.72502347785262
C2782,2025-09-26,4,96.58063292960642
C2118,2025-02-02,3,97.44187594224525
C0387,2025-09-13,3,97.58133449359654
C2007,2024-05-22,4,96.94409468718648
C2572,2024-03-10,4,96.6256746600115
C0297,2024-02-23,1,97.47160570862127
C2665,2025-02-06,3,95.16471548268044
C0719,2025-07-05,4,98.16148862415491
C1599,2025-12-09,2,97.96931433282786
C2226,2024-01-27,2,96.36817701865323
C1967,2024-10-25,3,95.87962569030313
C1183,2025-11-22,2,95.35762636587688
C0011,2025-07-11,1,97.87798438139995
C0785,2025-10-15,3,97.78761133566749
C0411,2024-11-15,4,97.61325864154172
C2940,2025-03-20,2,99.82952951411704
C2655,2024-04-07,1,97.60456614400545
C2203,2024-05-05,4,98.53677457685149
C1230,2024-02-27,5,95.55329953198463
C0599,2024-06-25,1,96.46495686700926
C0824,2025-12-19,2,96.34968841314706
C2398,2024-10-11,1,97.82227997870424
C1122,2025-10-27,5,96.62098481894967
C2991,2024-01-27,5,98.14122549166325
C0019,2025-03-26,1,98.38143972208834
C0313,2024-11-18,4,95.16508020216928
C2975,2025-11-05,4,98.13481279095329
C2576,2024-09-06,5,95.57225807516632
C2605,2025-11-30,3,97.27916297909228
C2493,2025-01-04,3,98.56022519676776
C1946,2024-03-30,4,98.44639048013121
C0231,2024-05-10,3,96.46913047048756
C2673,2025-06-08,4,96.33459266725801
C2937,2024-01-29,2,97.15710988849256
C2407,2026-02-15,4,95.92446870678715
C0044,2025-06-27,2,99.77602516227155
C2925,2025-10-23,5,96.6900936494385
C2271,2024-03-26,3,99.52266704265968
C2950,2024-02-27,5,99.45049831850382
C1289,2024-02-26,1,96.78776003905534
C2319,2025-01-28,1,96.24501469813724
C2260,2024-01-25,5,98.77709460917869
C1520,2024-07-08,4,96.1239514530619
C1411,2024-03-16,4,97.55410731081614
C2295,2025-01-05,3,95.54237793465747
C2996,2026-01-06,5,96.8910675572922
C0821,2025-05-20,1,95.38295912591008
C2120,2024-07-01,5,96.38885400416169
C2343,2024-06-02,5,98.25993931713369
C0171,2024-09-25,3,99.8574050670959
C0246,2024-10-04,4,96.24855722288224
C1165,2024-12-05,1,97.31927432369176
C1640,2024-01-23,3,97.19542596187885
C0617,2025-03-07,1,95.90235280761705
C0240,2025-06-09,1,97.98933827736779
C1957,2025-08-28,4,98.55105423942767
C2359,2024-12-08,4,95.72137546883862
C1440,2024-02-21,3,98.70991040564593
C0398,2024-12-04,2,98.43079201539791
C1857,2024-02-10,3,95.96698011605535
C0923,2025-11-06,3,98.17984336307774
C0792,2025-06-01,2,96.92899122888126
C1907,2025-02-10,1,98.33757498722271
C1905,2024-05-17,5,97.43087457595568
C2070,2024-04-08,2,95.23587460864685
C0813,2024-12-06,5,98.85613824187519
C0904,2026-01-05,1,97.7224396311235
C1731,2024-11-11,2,98.55149365200779
C0832,2025-06-25,4,95.61775169691327
C1395,2024-08-12,3,98.5342351157552
C1967,2024-09-17,2,97.02696432373077
C1045,2024-09-03,2,98.91640851572605
C2555,2024-03-19,1,97.93591278908264
C2208,2025-11-27,4,96.73902041382202
C0744,2025-11-22,2,95.98939306601167
C0813,2025-04-17,4,98.9980284263323
C1580,2024-03-17,5,97.74494405152498
C1376,2024-09-18,2,99.83859355588831
C2228,2026-01-10,4,96.83009448469262
C1651,2024-01-02,3,98.36002418577041
C2261,2024-01-17,1,98.05182227170476
C0530,2024-12-09,4,98.1241503755085
C1419,2024-01-12,1,98.61120182622473
C2075,2025-11-24,2,95.68163057191647
C0939,2024-01-07,2,97.69325581559153
C2918,2024-09-02,5,97.49473538493268
C2486,2024-06-05,1,96.67839596654365
C0285,2024-06-22,3,97.13713630594425
C2709,2025-05-01,3,97.54217917559097
C1821,2025-11-23,4,96.57251934333027
C0649,2024-10-07,3,96.43647827689088
C0189,2024-11-04,1,98.61753561586592
C1726,2024-08-24,2,95.32789889932674
C1223,2024-06-05,1,96.53351908466854
C1126,2024-09-07,1,98.2031846160556
C0479,2024-08-08,2,96.02298754482212
C2651,2024-12-03,1,97.80413591289935
C2044,2024-08-10,3,96.48060429407789
C2026,2024-07-29,4,99.13217623941604
C0517,2024-12-02,4,96.71494772743276
C1889,2024-05-13,1,96.12463115248146
C1551,2026-02-09,2,97.59750850773803
C1541,2025-05-09,5,95.66473651372723
C2964,2025-06-30,1,98.90767144028479
C2278,2024-07-01,1,98.33213843123603
C2917,2024-06-09,5,98.7754936330051
C1138,2025-08-27,4,96.95450317900591
C1540,2025-01-21,4,99.09151672788921
C1749,2024-07-15,5,97.41838584061206
C2807,2025-12-18,2,95.46402527110916
C0034,2025-04-28,1,96.09774332006006
C0296,2025-05-16,3,98.48415872748828
C2501,2025-05-03,4,99.39246926416166
C1430,2024-12-17,4,95.46640940285118
C1151,2025-06-13,4,99.23465247637634
C2190,2024-08-21,2,98.91544216297464
C1988,2025-07-31,5,96.74714919392692
C0648,2026-01-25,2,98.37745634154362
C2176,2025-02-12,4,95.91606158462751
C2883,2024-10-02,1,98.98562716967633
C1710,2025-12-11,4,98.22096120706016
C2973,2025-04-03,1,97.15026395938862
C2778,2025-03-28,1,99.23613484617886
C1548,2025-02-16,4,95.68224905637442
C0463,2024-01-18,4,99.1443495989379
C2612,2024-03-12,1,95.11704339195911
C1210,2025-10-28,2,98.69068198120131
C0514,2025-01-12,2,97.8094839760523
C0001,2025-11-12,2,98.41394403878098
C1263,2024-12-20,3,97.02048817608222
C1079,2026-03-04,1,99.2357615168716
C1472,2024-05-30,3,96.53443021828508
C0338,2024-09-17,3,96.34728089747279
C2956,2024-03-20,1,96.47857816416443
C2866,2024-04-15,3,98.79438282992867
C1128,2025-06-06,1,97.4269294836185
C2393,2025-02-06,5,97.63171809668532
C0977,2025-12-20,5,99.07511155020339
C0883,2024-05-09,1,99.0834912063514
C2246,2024-06-19,1,95.79251671238538
C1038,2025-02-09,1,97.69386159715276
C1704,2024-02-02,2,95.61748921152564
C0872,2025-06-19,1,99.25578950885432
C2590,2024-07-15,4,99.10132794027794
C0457,2024-02-15,5,99.16180940528355
C1550,2024-09-30,5,98.45380665186184
C2798,2026-01-12,1,97.28769879960804
C0366,2024-05-12,5,96.98313400908829
C2449,2024-09-20,1,96.9366003631767
C2622,2025-08-19,1,95.32444266418293
C2530,2025-01-01,5,99.6494644036761
C2158,2024-01-05,5,97.206350717945
C2454,2024-09-25,4,99.55756300646406
C2357,2026-01-02,3,99.30836194189247
C0160,2025-12-06,4,99.06019090018087
C0844,2025-02-24,4,97.88271353567106
C2103,2024-12-11,5,95.49762384115814
C2809,2024-03-09,4,96.58716610280253
C2000,2026-03-10,5,97.95757242550175
C2304,2024-12-23,2,95.0659334612319
C2582,2025-11-18,1,95.20889147697564
C2470,2025-01-20,3,98.32055057278284
C2994,2024-11-20,2,99.35219397235905
C1639,2026-01-20,1,99.1902993336837
C2861,2025-04-25,1,95.82391185473932
C2935,2024-06-27,3,99.46504391770247
C2312,2024-09-12,4,98.41188078319124
C2796,2025-02-22,1,98.50999717619585
C2881,2024-07-29,3,96.48980188361334
C0233,2026-01-08,5,98.50838420085071
C2728,2025-08-06,1,98.47788416016108
C0233,2025-01-01,1,97.91386107550429
C0558,2025-07-30,4,96.75071317596931
C2961,2024-06-14,4,98.97397074465631
C2729,2024-08-01,5,99.59383789610332
C1950,2025-06-12,1,99.2624532826323
C1460,2024-06-21,4,96.19059805164399
C0335,2024-05-08,3,97.18380176234332
C2452,2024-01-03,1,96.67783032624119
C0256,2026-01-29,3,98.46664979602711
C1090,2024-03-10,2,99.07430265458794
C2989,2024-02-21,5,96.0574010489534
C0772,2025-03-12,4,99.64165012322754
C0946,2025-01-12,2,98.3189127531679
C1112,2026-02-09,4,96.07039457072666
C0311,2026-01-20,2,96.8183635954064
C1595,2024-04-03,4,95.51257360447708
C2730,2025-07-12,5,97.92563802664509
C1282,2025-08-09,1,95.82903846168387
C1582,2025-08-25,3,98.39614069699891
C2177,2024-03-26,2,98.61250904180082
C2829,2025-06-01,3,97.34874060978481
C2374,2026-01-11,3,95.4597021786065
C0790,2025-03-05,4,97.9932786308606
C2065,2024-02-12,1,96.8238057354067
C2747,2025-12-10,4,99.65327260894884
C0342,2025-01-04,3,97.51470796284
C1003,2025-02-07,5,95.35410373743446
C0838,2024-10-29,1,98.11664050766618
C0628,2024-06-30,1,98.81883314237984
C2819,2024-06-17,3,95.78646376608745
C2926,2024-07-21,4,97.20038108528749
C1273,2025-12-06,5,98.64166507086533
C0710,2025-06-26,2,95.10041871540551
C2897,2024-04-11,4,95.14195200087715
C0739,2025-07-29,1,98.31686912772602
C2225,2024-12-11,4,98.55311984179298
C1779,2025-08-25,2,99.14476024286664
C0946,2025-03-17,5,96.95803909738387
C2405,2024-09-06,5,96.90990565872298
C0495,2024-07-01,2,97.70660306637532
C0035,2024-10-28,2,98.71090207967117
C1431,2024-10-06,3,98.14086176499728
C1992,2025-12-17,1,96.60388418883488
C0818,2024-03-29,3,96.69808155653564
C0010,2025-02-28,4,98.73872418427882
C0986,2024-10-11,2,97.61976864263185
C1738,2025-11-01,3,95.48008326034106
C2579,2024-05-09,1,95.74967527534622
C1559,2024-09-04,1,99.17083284209775
C2143,2025-10-13,2,99.89413681532261
C2624,2024-07-07,3,96.64484623813215
C0450,2024-03-31,5,96.89483814162844
C1244,2025-07-21,2,95.75699132146897
C2144,2026-01-07,4,96.15499411189607
C0865,2024-06-13,3,97.08068624430186
C1801,2025-07-01,3,96.39350925761273
C2717,2024-11-25,2,98.43698178749352
C0207,2025-06-24,3,97.63546226337043
C1810,2024-03-20,3,99.0292559286369
C0850,2024-06-17,4,98.5501720968232
C0246,2025-06-28,4,95.62769299860635
C1735,2024-04-02,5,95.60460593132592
C1998,2025-09-15,4,99.38867832868654
C2932,2025-01-13,5,99.01560507329374
C2131,2024-07-27,4,97.29279488349728
C0317,2024-07-12,5,95.63878426039247
C2693,2024-09-20,4,99.40302382436045
C2418,2024-09-03,4,96.13043273114206
C2797,2025-09-21,2,95.1741203956853
C1720,2025-03-23,4,99.52877367243828
C2678,2026-01-09,5,98.96378454154276
C2228,2025-06-04,2,98.3980602923604
C1807,2025-12-11,5,95.16674875102497
C2650,2025-04-23,4,97.58931277412428
C0600,2024-10-03,4,98.20281715991048
C1107,2024-05-08,5,98.72080147983196
C1556,2024-10-28,3,97.30826203551277
C0841,2025-07-27,2,99.67141157039964
C0348,2025-05-28,2,96.19942719876856
C1296,2024-12-25,4,95.34170109507293
C0331,2024-12-22,2,96.63055460054238
C0610,2025-04-10,5,98.2428438645029
C1945,2024-06-20,4,98.61207030095373
C0744,2026-01-26,2,98.61863479586256
C0569,2024-03-28,1,95.5423017553514
C1685,2025-05-14,2,99.33693832767852
C2437,2024-03-23,5,96.37608514432215
C0971,2025-05-31,2,96.02856442754981
C0747,2025-07-04,3,98.01084163699424
C2185,2024-11-17,3,96.03806046472579
C1765,2025-04-09,4,97.48938861498962
C1385,2025-08-09,3,96.99444551307234
C2330,2025-09-04,5,96.13696788687973
C1226,2024-05-20,1,96.43109219925822
C1019,2025-08-27,1,97.09429543366824
C2792,2025-09-22,4,96.69618569694447
C2579,2026-03-10,4,96.86972134342079
C0016,2025-09-12,3,98.60362964569417
C0568,2025-07-08,5,95.82506157219244
C2025,2024-05-15,3,98.07533107792888
C1614,2024-11-25,5,98.32297310067439
C2078,2025-12-29,5,98.93022652626605
C1543,2025-01-29,1,99.15190315901734
C1932,2024-06-04,5,95.77746116298886
C2712,2024-02-08,2,95.67747772947821
C2923,2024-10-08,5,98.01237796441839
C2070,2025-06-21,1,98.70889109785654
C1455,2025-06-27,3,96.33439950817444
C1703,2024-02-15,5,97.57665130730825
C2708,2025-10-29,2,98.78397320999768
C1434,2024-08-31,4,98.76076523037823
C0325,2025-06-30,3,98.20371881395735
C1322,2025-03-25,4,95.38605971007348
C2229,2024-10-04,2,95.24815491535105
C0122,2026-01-23,1,96.90338201924213
C2172,2025-02-09,1,95.13076838974817
C1477,2026-02-09,3,99.43030722608829
C0266,2024-02-15,5,95.09870885729815
C0028,2026-01-18,5,95.14510302449571
C1283,2025-06-03,4,95.81010415402015
C2125,2026-02-10,1,98.07237414476924
C0432,2024-09-27,5,97.65361528887314
C0879,2025-07-09,5,98.23148696912122
C2942,2024-08-25,1,99.37842019142921
C1059,2024-06-15,1,97.22923368897733
C0436,2025-01-10,2,95.21499228181445
C1086,2025-08-10,4,98.74113346353614
C2100,2025-10-30,1,98.97862586759148
C2164,2024-07-19,2,95.24445296344417
C2095,2026-01-15,1,96.18996153882362
C2486,2024-08-19,3,98.77592431672551
C0101,2025-03-21,3,96.84316066887693
C1303,2025-12-24,3,97.31599185247566
C2155,2025-02-21,1,99.03356113814326
C0983,2024-06-02,5,95.4636357382048
C2407,2025-01-02,5,98.31869318988
C0887,2025-12-25,3,96.0534234950799
C0800,2024-03-27,4,95.30699201227493
C1026,2025-06-13,2,98.2462394433962
C1516,2025-12-03,3,95.5949200395683
C1904,2024-02-23,2,98.66033556813234
C1914,2025-12-28,2,95.99325641715056
C1296,2024-02-11,3,95.23770889975347
C1168,2024-12-14,5,95.48655757846318
C0435,2024-08-17,4,99.12222421885495
C1475,2026-01-11,3,96.81774426006734
C2652,2025-11-24,2,96.48110654270035
C2614,2025-03-11,1,97.40687421659138
C0916,2024-05-20,1,98.10136958736541
C2276,2024-10-14,2,95.18180100203418
C0545,2024-11-17,3,99.40112371590762
C1238,2025-08-16,5,99.69655868761996
C0648,2025-03-17,3,97.04480339915887
C2296,2024-06-15,4,97.02188162232574
C1432,2025-07-19,1,99.30494361419592
C1077,2025-04-07,2,97.10362781087349
C1600,2025-03-31,5,99.19533068057618
C2362,2024-03-13,3,95.138851027998
C0037,2025-12-25,4,97.39928798296303
C0724,2025-11-13,3,99.66690231938458
C1548,2024-09-26,4,96.2387428277803
C0980,2024-08-06,3,96.30415862021691
C0084,2025-10-09,5,98.08760264469188
C2948,2025-06-30,5,99.53833532827275
C1118,2025-10-19,2,95.97383698231926
C1366,2024-07-01,5,99.51609002666883
C0719,2024-03-18,4,98.24871834616292
C0550,2024-11-03,2,99.86593183987917
C1372,2026-02-03,5,98.6086483476179
C2763,2024-11-23,1,98.2722226495148
C0587,2025-02-24,4,98.99302554260385
C1865,2024-08-23,2,95.85818756452244
C0152,2025-08-11,4,99.63532950386342
C1062,2025-04-06,2,95.8114179930027
C2213,2025-08-07,4,95.12578481249263
C2986,2025-06-22,1,98.41949852186895
C1568,2024-02-07,5,95.90451758803128
C0212,2026-02-04,3,98.71789058019624
C2574,2025-03-01,3,98.89569099211366
C0742,2025-08-20,3,96.15982627921143
C2180,2025-03-09,2,95.42492961981854
C0096,2024-12-24,5,97.45402273476613
C1527,2024-01-31,2,99.36207070178463
C0522,2024-07-23,2,99.15172639504397
C2422,2025-12-05,2,95.57370403685132
C1040,2026-01-11,2,99.7274379961408
C1703,2024-06-29,5,96.2933510573981
C2656,2026-01-26,3,96.7120167674129
C0018,2024-02-09,4,95.73034619105344
C1720,2025-02-26,2,96.85123453115897
C0978,2024-06-05,5,98.11464142096644
C0879,2024-06-16,1,97.47978347457739
C0594,2025-10-31,4,99.05494347680765
C0643,2025-10-03,2,98.14237397515843
C2177,2024-03-22,2,96.2913679101016
C0801,2025-10-29,4,97.73144635492248
C0455,2025-11-17,4,95.31453651685223
C1610,2026-03-10,2,97.84587374764786
C0876,2025-08-22,5,96.90935276474829
C2619,2024-04-11,1,95.48215261107356
C1096,2026-01-29,5,96.50657336965483
C1014,2025-12-18,3,99.40062626374483
C1111,2024-03-29,3,97.87158594240793
C2449,2024-12-10,3,99.42599775982096
C0462,2026-03-10,2,97.01293953617538
C2137,2024-11-05,1,99.79665213701144
C2871,2025-08-30,1,96.76409336214114
C2054,2025-03-15,2,98.708342614213
C0945,2024-06-07,2,96.49647510905228
C0084,2024-04-23,2,95.5193536874048
C1440,2025-06-19,1,99.08197732400454
C2669,2024-06-11,2,98.73664948166379
C1136,2024-10-12,4,99.0210822657097
C2220,2024-02-24,4,96.4685032052595
C0699,2025-07-29,4,98.44794196544476
C1821,2024-02-02,2,96.07762195396796
C2321,2025-07-11,4,95.05542652768128
C0530,2025-12-31,2,99.24579500061478
C0319,2026-03-11,4,97.56527488657437
C1099,2024-07-14,2,99.81990135366223
C2477,2026-02-03,5,96.88667490502836
C2895,2025-03-23,3,99.68867773424842
C0249,2026-03-08,5,98.01378059101555
C0387,2026-01-17,3,97.50980485200063
C1958,2025-08-13,3,96.48376705558077
C1891,2024-04-01,4,99.04385407223643
C0363,2025-08-30,3,99.06109425721851
C2116,2024-08-15,3,97.04295470779721
C2486,2024-10-12,5,98.5637363955255
C1556,2024-08-22,3,97.19146588531353
C1807,2024-04-11,2,98.62433054288672
C0296,2026-02-02,2,99.87153176792127
C2695,2024-05-19,4,96.28623193744414
C1992,2025-10-16,5,98.10685704018069
C2081,2026-01-21,1,96.86140202902216
C1398,2024-09-22,5,97.68702066187767
C0032,2024-12-07,1,99.28332167345366
C0555,2025-07-26,3,96.7031217602788
C0305,2025-06-18,1,95.35470268049205
C0793,2025-06-06,3,98.91479220769051
C1132,2024-01-16,5,97.71962179049585
C0096,2025-07-14,5,97.20206464099613
C1090,2024-12-01,4,95.89833192979005
C2569,2025-01-24,4,95.45497838535246
C0230,2024-06-18,3,96.36580424216031
C2781,2024-04-28,3,98.52263089040301
C0358,2024-02-11,2,97.0176775503368
C0402,2024-01-10,2,97.79411517818954
C0790,2025-03-05,2,95.4020232129486
C0099,2025-04-12,5,95.60389091329417
C0271,2024-02-18,1,95.05539857137859
C1799,2026-02-15,3,98.29909380769043
C0362,2024-07-25,4,96.29582716019326
C1188,2025-11-09,3,99.7379402705825
C2576,2025-05-28,1,96.51143347060327
C0540,2025-08-02,3,96.78172839044346
C1866,2024-07-28,4,97.30050017409378
C2643,2024-05-18,4,96.56378966908174
C0833,2024-02-06,1,99.0054717871981
C2445,2024-08-05,4,99.29341336899012
C1060,2025-03-31,5,95.05407678812071
C2543,2025-05-26,4,98.20784197995079
C0314,2024-10-04,1,98.36183257150502
C2538,2024-06-28,1,99.7109818953306
C1300,2025-05-31,3,96.81495606661314
C0233,2024-05-09,4,95.95687184490369
C1640,2025-10-06,4,97.55084724075671
C1030,2025-09-02,1,97.19302285443412
C2712,2025-11-02,3,98.87948418145989
C0244,2026-01-17,3,99.42947966205415
C2289,2025-10-20,5,95.4248693354185
C2606,2024-12-24,5,99.14823944537966
C2123,2025-09-18,1,99.4539573032853
C2331,2024-01-04,3,99.52826580349536
C1559,2025-08-21,3,98.7451183083709
C0087,2025-07-11,5,98.63620454842999
C0881,2024-03-23,5,95.07299419751187
C2978,2024-06-02,1,99.50893895020016
C1173,2025-05-20,3,96.722375547663
C0160,2025-05-23,1,95.20149729342522
C2494,2026-03-04,5,97.02359861952193
C2130,2026-03-10,4,98.5909779030257
C2230,2025-09-14,5,97.16558048796297
C2918,2025-09-20,3,98.71425433841361
C1550,2024-04-06,1,97.49610619186505
C0478,2024-10-08,3,96.46719302582207
C2231,2025-12-01,5,95.9942704863523
C1580,2025-08-22,5,97.0634061472331
C2222,2025-08-21,2,95.17543691339829
C2062,2025-06-21,5,97.0704651344922
C1961,2025-03-04,3,95.33623847414665
C2121,2025-06-26,1,99.29732306792992
C2562,2024-05-05,1,97.81985705605281
C1746,2025-12-10,2,98.16561051835828
C0602,2024-10-27,3,96.4154335531737
C2391,2025-06-26,5,96.10652327484777
C1420,2025-01-01,4,98.4687357209497
C1919,2026-01-13,1,98.29067086680695
C0333,2024-02-14,3,95.60112443613443
C0355,2025-05-07,2,96.16934277719818
C0847,2024-11-11,4,99.63822135370404
C0163,2024-07-07,3,96.49046938510459
C0116,2024-02-21,5,95.12657440056498
C1103,2025-07-17,1,95.3125320490478
C1471,2024-11-27,5,98.79992450505468
C1907,2025-05-13,2,98.71006285437097
C1047,2024-11-13,1,96.87095362022593
C2839,2025-02-13,4,95.75068380457776
C0543,2024-11-18,1,97.44071556289941
C0414,2025-08-13,5,96.62625441058029
C0682,2025-07-14,3,96.83244490469616
C0642,2024-08-17,3,96.27882823503103
C1433,2024-12-09,3,95.30800377227635
C0669,2025-01-05,2,98.87668045652678
C2070,2025-07-09,2,98.02928204166628
C0969,2024-10-18,3,99.08971210647098
C1705,2025-03-12,4,97.46568968917961
C1181,2024-09-03,5,99.826434531615
C2378,2024-08-06,4,99.71637205608258
C1046,2025-06-17,3,96.33173908677306
C1496,2025-10-03,5,96.8961869253195
C1288,2025-06-02,2,98.68827612355673
C2950,2026-02-22,1,98.80535696369111
C1799,2025-04-16,1,99.4624257675771
C0724,2024-12-15,5,98.19790578465104
C1160,2024-02-13,4,97.32809278687472
C0252,2026-01-21,5,96.8504925933078
C0205,2024-03-05,4,97.05397490184541
C1880,2024-09-02,4,99.16698524018098
C2880,2025-08-07,1,99.80204333367624
C0791,2024-03-11,2,95.25435500610783
C1085,2025-12-09,3,97.84319884889817
C0465,2025-12-01,2,97.54826446309895
C1842,2024-06-06,3,96.84309714675545
C1326,2025-04-19,1,99.17272457082825
C1496,2024-01-25,3,97.82114078278512
C0394,2025-08-05,4,96.53426870494428
C1631,2024-08-10,5,97.1761097878518
C2029,2024-06-08,3,96.74833743118106
C2708,2024-03-15,2,97.10741947780895
C0912,2024-05-17,1,95.34920237268538
C1283,2025-04-23,1,95.54838749946292
C2578,2025-07-06,5,98.05608924818769
C1211,2024-10-29,4,98.35193504924256
C1236,2025-01-21,4,98.11944003480814
C1059,2025-04-16,1,98.73906944724631
C1171,2024-11-29,4,99.62331670524094
C1273,2024-11-04,5,99.21702970377402
C0057,2025-06-11,1,97.05069693891909
C1893,2025-12-01,4,96.06596137091425
C2570,2025-06-23,3,96.52807583684613
C1749,2024-06-11,3,97.87993329093193
C0361,2024-02-24,4,99.19542083884208
C2282,2026-02-24,3,98.43844820518699
C1949,2025-03-30,5,97.66076421336844
C0223,2024-10-31,2,97.94920396184418
C1640,2024-04-11,5,97.5884799472687
C0327,2025-07-07,5,99.76097480551519
C1122,2026-02-13,4,98.99884811605224
C1250,2025-01-22,5,98.82825835546564
C1758,2025-11-13,4,97.53491203563229
C0836,2024-07-26,1,96.62586634209076
C2537,2024-11-10,4,95.09561906225503
C2526,2024-02-18,4,95.21280711936262
C0985,2025-07-25,1,95.14816583329598
C1358,2025-06-01,2,99.80433615721086
C0792,2024-05-27,1,95.56096345849267
C1887,2026-03-09,4,95.69638237958146
C2560,2024-07-29,3,97.3723349385447
C0382,2025-01-06,4,97.35886571777648
C1447,2025-10-23,1,99.50787145969684
C1372,2025-08-19,4,95.36031038519732
C1875,2025-11-02,1,99.69047190926783
C2500,2024-02-16,5,96.06031216787095
C2009,2025-11-04,2,99.75375366559369
C1143,2025-05-13,2,97.65248808413283
C0214,2024-06-03,1,98.19486245506205
C0565,2024-08-17,2,96.54707098603717
C0732,2024-10-26,3,97.99793736038802
C0439,2024-06-06,3,98.48306592150705
C2803,2025-11-03,2,95.0508138197323
C1589,2024-09-03,1,95.16771928339035
C0629,2025-07-21,3,99.83373735849767
C0903,2024-05-30,2,97.2420298139748
C1471,2024-10-25,4,99.58550587463913
C0395,2024-02-23,3,98.57649832240168
C0247,2024-08-10,5,96.8275447090402
C2953,2026-02-04,3,95.7391258228268
C2296,2025-08-02,2,99.79294349194605
C1637,2025-07-18,2,97.8640316597821
C2647,2025-04-11,2,95.94254745450566
C2913,2026-01-26,1,98.34009960344426
C1473,2025-04-30,1,95.45103769816866
C2132,2025-07-05,4,99.25338267072678
C2821,2025-03-19,4,95.44167300155117
C1245,2024-05-17,3,96.15735235562673
C2099,2026-02-16,2,95.44801094659414
C2598,2025-10-11,4,95.50855736256239
C2819,2024-10-18,2,97.56678735292999
C0981,2024-07-28,3,98.36625003254103
C1211,2025-11-14,1,98.86356073839518
C1549,2025-11-27,4,98.40577091905025
C2513,2026-01-21,5,96.78110007897675
C0419,2024-07-29,5,97.73071015653056
C2135,2025-10-24,5,99.54555396469834
C0259,2025-01-22,5,96.89912541719488
C2359,2025-01-30,5,96.2367814082378
C2221,2024-05-03,5,97.54466484224851
C1520,2025-07-14,5,96.45694253802628
C1269,2024-05-03,4,96.2829035546132
C0940,2024-03-08,5,98.816136176141
C2553,2025-04-19,5,99.36509570124792
C2377,2024-12-23,3,97.46135174546987
C0196,2026-01-12,4,98.82093612164006
C0062,2025-03-31,3,95.91673818836648
C0562,2024-12-11,2,97.68345076387565
C2945,2025-06-04,5,98.11737971925777
C2892,2026-02-16,1,97.40425442230219
C0040,2025-09-28,5,95.57271306010617
C1768,2025-09-15,5,98.59709113591349
C2776,2025-05-12,3,99.11148306822855
C2038,2024-11-23,2,98.11260864940915
C2505,2024-11-25,3,95.82888890792246
C2926,2025-07-19,4,95.36530695525786
C1876,2025-03-02,2,96.47785915005495
C0788,2025-03-18,2,95.18125154806705
C1877,2025-08-23,2,99.11217315121938
C0002,2024-04-04,3,98.44499615634403
C1493,2026-01-31,5,97.76207443890308
C1130,2025-03-26,5,99.3591992670703
C2264,2024-11-12,5,95.53945814887335
C0777,2025-05-01,5,98.50085277439257
C2727,2025-11-08,5,95.71849781397256
C1783,2026-01-08,4,95.29853459116656
C0414,2025-10-09,1,95.65123208611969
C0210,2025-07-30,2,99.65960644447223
C1964,2024-01-05,1,97.1581235848244
C2091,2025-09-23,4,95.24007891149189
C2186,2025-01-05,5,97.85980977644869
C1645,2025-12-31,4,95.97859892404956
C1584,2025-07-08,4,95.03349841027286
C2686,2024-07-06,1,98.71609039277566
C2517,2024-01-26,2,95.75882908670734
C0726,2026-02-17,3,99.6181837145634
C1413,2024-06-10,3,97.9047193570542
C1222,2026-01-14,2,95.42627953044914
C2250,2024-05-09,5,96.0673397004936
C2240,2025-06-16,4,97.99313872257324
C0107,2025-02-13,5,96.65675236743753
C0327,2025-10-01,4,97.60750095014056
C2798,2025-08-10,3,98.91760902832222
C0644,2024-03-13,2,98.88374739036402
C0357,2024-08-20,1,98.42013533951702
C2643,2024-04-15,1,99.34166610003693
C2549,2024-01-09,2,95.97686738873169
C1308,2025-09-22,3,95.86848329389997
C2516,2024-02-19,4,98.91681262964181
C0508,2025-06-05,1,96.5723577965163
C2154,2025-09-16,3,97.509693824251
C1090,2025-03-17,2,98.64536552872578
C0195,2026-02-16,5,96.9400685605423
C1212,2025-08-12,3,95.63779527095164
C0047,2024-02-05,3,98.32934028875773
C1386,2024-07-20,5,99.004080995555
C2585,2024-04-27,3,95.06270668954626
C1602,2025-12-02,1,97.75650536936895
C1511,2026-01-23,1,97.30008495274807
C0847,2024-06-17,1,96.27202043198373
C1603,2025-05-26,3,95.78903997888764
C0709,2024-08-17,3,95.92138282532645
C0808,2025-07-13,3,98.5523686027011
C2660,2024-05-29,2,97.62735615730374
C0115,2024-07-26,5,99.80765646854124
C2728,2024-03-01,3,96.19183091143556
C0631,2024-04-26,5,99.68883046625996
C2267,2024-08-26,4,97.52403684075803
C0197,2024-02-17,1,95.71552925048009
C0401,2025-03-23,2,95.72607730922654
C2797,2026-01-26,5,97.98198315340177
C2729,2025-04-12,1,99.07397145849627
C2040,2024-10-19,2,98.66378647374222
C0076,2025-02-28,1,98.21257397891445
C1450,2025-05-31,3,95.84332950619238
C0287,2025-09-03,3,95.5308660282776
C1569,2024-07-23,1,95.00121531617154
C1323,2024-06-28,2,95.49878992004629
C0861,2025-06-12,1,98.7551963766686
C0742,2024-03-30,4,99.3867172383463
C1731,2025-05-14,2,96.17771724839156
C2342,2024-04-17,2,98.89498177820542
C0809,2024-07-08,1,95.9743589514791
C2934,2024-06-28,5,96.22143124845519
C1960,2026-01-30,1,96.09837466252179
C0414,2026-02-01,5,95.25347655434093
C0431,2024-01-20,2,95.95090021369082
C1814,2024-12-24,3,96.83036238857582
C1254,2025-08-31,3,96.98680160540262
C1919,2026-01-03,1,96.5163854280765
C2219,2025-10-17,5,97.52215389965495
C1341,2024-01-07,1,96.85219133924913
C0544,2024-11-17,4,99.75478676625302
C1515,2024-09-24,1,98.9560172262232
C1412,2025-03-02,1,99.56178899512032
C0072,2024-10-22,1,97.73139203644224
C1023,2025-05-27,1,98.3238641807344
C0532,2025-07-23,5,95.81671423799585
C2287,2025-01-21,5,98.68865021046196
C2759,2024-09-20,5,96.15625844470983
C0577,2024-03-30,4,95.71458134589747
C1113,2025-05-02,4,95.20511080882189
C1946,2025-08-09,1,97.31392822304963
C0713,2024-09-17,5,96.40526737218381
C1559,2025-05-02,4,99.83496314591733
C0642,2026-03-04,3,96.22418807987748
C2638,2024-12-06,1,99.2460620735614
C2238,2024-11-24,2,96.55054996874351
C0812,2025-02-04,5,98.67072157633082
C1015,2024-12-22,1,98.23322241934156
C2673,2026-01-24,1,97.75273941784225
C1363,2025-05-13,2,97.0424422229251
C2022,2025-03-10,3,98.28841456293851
C2677,2024-04-28,4,96.99566391606261
C1541,2024-02-16,4,97.68569114820387
C2937,2024-06-16,2,97.89002851049625
C1862,2024-12-13,2,96.31004057818191
C0784,2025-05-18,4,96.6647087387964
C0671,2025-06-22,3,95.08844531143323
C2770,2024-10-22,3,99.17557906763444
C2574,2025-05-27,1,98.70431740707312
C2585,2024-06-22,2,95.89929922118432
C0847,2025-01-29,2,96.77403740504194
C1242,2025-11-09,2,97.06324046674425
C1278,2025-06-13,4,96.63845559080043
C1385,2025-08-25,4,98.91138975236984
C1765,2024-10-29,4,98.55456145996588
C2962,2024-07-20,3,98.75907777769186
C0178,2025-06-16,4,99.43023724957834
C0276,2024-06-04,1,97.91624115391187
C2360,2024-01-14,4,98.01121821223747
C1666,2024-01-20,3,98.53747718627145
C0791,2026-01-25,2,98.33803971378832
C1677,2025-04-01,1,99.26208379015492
C1425,2024-06-21,3,98.77397120863827
C1241,2025-03-20,5,95.59024722074616
C2746,2024-05-01,2,99.54895721569416
C0027,2025-05-11,4,98.3471865224759
C2961,2024-07-02,3,95.62301503654913
C2470,2025-08-02,5,98.78267130500808
C2549,2025-11-01,3,96.75622139572211
C2956,2024-02-18,4,98.94929176897887
C2373,2024-06-29,3,99.68148912065207
C1348,2025-01-28,5,96.25068597693375
C1591,2025-01-27,3,99.20131412581605
C1727,2024-12-13,1,98.7904507137053
C0285,2025-04-20,1,98.2888060109823
C1113,2024-05-20,4,96.88611066834848
C1069,2025-06-13,5,95.53832426767785
C2546,2025-10-13,5,97.37109445680764
C0912,2025-08-06,5,95.5177664859097
C1815,2025-04-15,5,97.4507214117038
C2193,2026-01-23,5,99.01943702680029
C2996,2026-02-11,2,99.88842685856473
C0082,2024-09-19,3,95.97024268631624
C0980,2024-05-22,5,96.01850440750042
C1191,2025-12-07,1,98.97332832640345
C1773,2024-05-25,3,97.29838729825633
C1826,2024-10-20,4,99.48744252055623
C2536,2025-06-21,4,98.76808156414795
C1774,2025-05-23,5,98.60849604717795
C1334,2025-02-25,2,95.49957317240782
C2008,2025-07-24,2,95.17579026935304
C0082,2025-07-17,3,96.55213781633333
C0094,2025-02-20,2,96.06476196815987
C1345,2025-10-22,4,98.49031354104972
C0343,2024-04-16,5,97.20859524841364
C2845,2024-11-13,1,97.56341723568171
C2409,2024-02-28,4,98.98733326607231
C1855,2024-09-14,4,97.34467294065198
C1090,2026-03-03,3,97.67013897194646
C0624,2025-02-28,2,99.12736930539931
C0868,2025-06-14,1,97.11354546560682
C2477,2024-06-14,1,95.40732086877664
C0171,2024-01-25,2,97.55635552700562
C1783,2024-01-04,5,97.83887225274096
C0578,2024-01-03,2,97.50780434113366
C0068,2025-02-21,5,96.26444263436878
C1516,2024-12-27,1,96.09608133443542
C1058,2025-01-03,3,96.81180622246603
C0001,2025-06-22,4,95.81452081866803
C2199,2024-12-11,1,98.2635160284418
C0902,2025-12-31,1,98.01190701627026
C1808,2024-02-13,1,98.09873851682605
C2306,2025-12-24,4,96.10150771638571
C0750,2025-07-17,5,96.20799216959904
C2676,2024-06-01,3,98.85821226968189
C0795,2024-07-20,3,98.38154768553673
C2067,2024-11-16,3,99.28838126092096
C1820,2025-04-08,5,96.9771780171063
C2083,2024-01-11,2,97.68190637727899
C0371,2025-08-02,2,98.62001075905903
C2539,2024-08-14,3,99.77335934825953
C2865,2025-09-24,1,99.84919588294392
C2055,2024-11-28,1,99.89595952114358
C2597,2025-04-13,4,99.36357976701755
C0371,2024-01-15,2,98.13428901377169
C1689,2024-02-26,1,95.03415765886832
C0757,2024-11-25,3,98.42776444006101
C1139,2024-03-04,4,96.16913762907102
C1361,2024-08-17,2,95.2801190218202
C2622,2024-01-11,4,98.41620370183117
C2729,2025-09-24,1,98.70445354316335
C1166,2024-08-11,3,98.23122228882198
C1509,2026-01-06,3,96.78933194069965
C1462,2025-09-28,3,97.5039202079877
C2136,2025-10-21,1,99.58124337227916
C0463,2026-01-09,5,98.57509373328702
C0481,2025-06-25,3,97.47295274414675
C0823,2025-05-20,5,97.90790084456026
C0524,2025-06-05,3,99.54564963189715
C2259,2024-02-23,5,96.92953435912142
C0244,2025-11-28,2,95.49903420588184
C0239,2025-12-19,2,96.59654858434506
C1221,2026-02-05,3,97.03448105220781
C0769,2024-06-05,4,96.3375229623164
C0235,2025-10-02,4,97.59196478572525
C2235,2025-07-23,1,96.49380358821578
C2761,2025-02-08,2,95.50557996837368
C0497,2025-02-02,2,95.92153571666965
C1520,2025-12-07,4,99.4989648087734
C1904,2025-02-06,3,98.08501858259422
C2235,2025-08-10,1,96.54011269253895
C1635,2024-03-29,2,96.79789777125215
C0936,2025-08-15,1,97.41757753990423
C1269,2024-07-04,2,98.29833716445725
C2361,2026-02-18,5,97.85268146023448
C0819,2024-03-19,5,99.57022081035842
C0022,2024-05-24,1,98.06616925020433
C2116,2025-10-02,4,99.46288070006422
C2440,2024-01-14,4,95.02660777990637
C1089,2025-09-22,2,99.36374141241754
C1828,2024-01-02,5,98.53514708103363
C1991,2025-05-30,5,95.84374792514922
C0729,2026-01-25,1,96.28888629430075
C2589,2024-03-06,1,97.65976899590302
C2616,2024-09-02,4,95.61219696121766
C1874,2025-08-24,4,98.84830451864903
C2948,2025-03-05,4,98.8767519444899
C0212,2025-11-20,3,96.4746500444099
C1774,2025-07-25,5,95.3421033243667
C0200,2024-08-19,5,99.84535255024453
C0987,2025-03-11,1,96.2285715082972
C0178,2024-12-18,5,95.33103739145498
C1447,2025-11-18,1,96.61682830097942
C0931,2025-11-09,3,99.74811598465405
C2037,2025-01-17,4,98.88534530248478
C1486,2025-12-10,3,97.3536320910697
C2092,2024-02-29,4,96.49611906645583
C1455,2025-04-14,4,97.0741998828826
C0168,2025-02-14,1,95.08509148033015
C2335,2024-03-23,4,98.52001535906255
C2757,2024-03-14,3,95.48825693060404
C2385,2024-11-06,2,97.54328412668411
C0586,2025-03-29,1,97.7726407590266
C1916,2024-01-26,4,95.00827989408124
C2231,2025-03-01,4,99.80140526728943
C0016,2025-01-11,5,96.48048128467555
C1604,2024-08-30,1,95.37839882986137
C2935,2025-09-19,1,99.1865039354715
C0837,2024-11-18,3,95.74456775985159
C2158,2024-06-28,2,95.1222801675
C1577,2026-02-12,3,97.4239843300052
C0306,2025-09-17,3,95.63659323040811
C2054,2024-09-22,3,99.81387302513401
C2891,2025-07-03,2,95.05101383440133
C1717,2025-01-14,3,95.2508669865243
C0361,2024-03-17,1,99.08309143535496
C1209,2025-09-05,2,96.17478331058634
C1859,2025-06-07,4,99.46682409158133
C2704,2024-02-18,5,96.5245715620273
C1972,2024-09-10,5,95.341934991666
C1124,2025-01-14,1,95.05189981530353
C1114,2024-09-05,5,96.38457965758016
C0984,2024-03-12,5,97.32127981992991
C1270,2025-03-22,5,95.00497894353774
C2772,2025-05-20,4,97.84742529246509
C2163,2025-12-09,5,96.63494163750619
C2324,2024-09-09,3,96.91175229387582
C2128,2024-10-25,1,96.28091364617072
C0179,2026-01-03,1,97.59232150666121
C0561,2024-02-29,1,96.1276008476439
C2557,2024-12-22,4,95.66062822216671
C2308,2024-06-05,4,99.36417070203542
C1810,2024-12-07,5,96.91371941684972
C0292,2024-07-20,3,95.37695871608285
C2933,2026-02-17,5,96.12858149737502
C0291,2024-02-04,1,96.518720446184
C0542,2026-02-05,3,98.77126691580786
C1910,2025-06-18,1,95.10905192319382
C2812,2025-03-31,3,97.34342249354276
C0594,2024-06-13,2,96.99769317824791
C1429,2024-01-28,4,99.74516196801113
C0948,2025-01-06,4,95.8823675602534
C2528,2024-11-09,1,98.07656665620223
C1349,2025-07-18,1,95.99076473695438
C0381,2024-10-10,2,97.68726806544203
C1705,2024-10-24,5,97.71980983931758
C0310,2025-04-19,3,95.36919897630642
C1694,2025-08-19,2,97.23661134156644
C1499,2024-12-14,2,97.25966492900382
C2895,2025-09-27,1,96.56376970329651
C2473,2025-03-20,1,96.35807691306951
C1166,2024-07-25,5,96.09906007316941
C0661,2025-02-20,5,95.02911125218588
C2274,2025-03-14,1,95.00889979399597
C1498,2024-06-13,4,97.88995733287392
C2073,2025-07-12,5,96.42817316458937
C2143,2025-02-23,2,95.82265441333769
C2556,2025-01-05,1,98.35520250701028
C0565,2025-10-29,3,97.59163239044929
C1606,2024-09-22,3,99.48329555671813
C1200,2024-10-05,4,99.07198299165282
C0644,2025-04-26,1,98.56097303638984
C1432,2025-05-31,2,95.62025159020658
C2538,2024-03-22,4,98.26383482089794
C1951,2024-04-28,2,98.40023957039439
C0459,2026-02-12,3,98.74032969087608
C2949,2025-09-28,2,96.28935034641131
C0338,2024-10-29,3,98.13745776795238
C1355,2024-08-02,5,98.02956444558446
C2014,2024-01-28,3,96.88801924407632
C0345,2026-02-19,3,98.25118420380716
C0576,2025-05-12,4,95.42480825045018
C1571,2025-06-20,4,98.15317460349775
C1548,2025-06-02,1,97.96947636264207
C0943,2024-07-12,1,96.03205959554504
C0346,2025-08-14,3,99.00924673564737
C0325,2025-03-17,5,99.28462860128725
C2515,2024-02-05,1,96.03137134154294
C2139,2024-09-14,3,95.3722093127623
C0294,2024-04-22,4,97.95751977135359
C0524,2024-10-20,1,97.35159588221816
C2898,2025-12-14,1,97.09521172338408
C0259,2024-01-14,3,98.72894081721412
C1111,2025-10-28,3,99.7513469335937
C1518,2025-08-19,2,97.34055222494337
C2234,2024-05-19,2,95.0301598859964
C2392,2025-01-05,5,97.92170895923806
C0821,2025-03-02,1,98.20443277343621
C1893,2024-04-06,2,99.05728969937711
C2789,2025-11-27,3,95.97709420737098
C1540,2025-05-02,1,97.56920540424277
C0569,2024-12-07,2,97.19094435190789
C2998,2025-05-06,5,98.25575825969689
C0509,2025-05-14,5,95.31332101214551
C1564,2025-03-07,5,99.33166336532767
C2064,2024-07-07,5,97.50467128076757
C0525,2024-03-22,3,99.29752268035296
C2248,2024-06-28,5,96.66716194612938
C1208,2025-02-18,4,98.20225885173907
C0309,2024-04-14,5,99.68795323161612
C1840,2025-01-15,2,99.62255803447792
C1384,2025-12-22,1,99.62610349837897
C2307,2024-11-24,2,95.21043951853297
C1943,2024-09-05,1,96.97477840477517
C1181,2024-03-12,3,95.29782816149405
C2473,2025-11-03,1,96.5164373650479
C2827,2024-05-12,4,95.85543266595977
C1045,2024-08-27,5,98.03867337814829
C2687,2024-03-18,2,98.82565614120044
C2968,2025-07-23,1,97.51540012979066
C1012,2025-04-05,2,98.89781805915963
C0350,2024-05-04,5,95.06278515337053
C0961,2024-01-11,3,99.02033418683007
C0438,2025-04-12,5,95.87396510097516
C0456,2025-02-10,3,97.25858591688339
C2672,2024-01-27,2,97.16866951792552
C1570,2024-07-25,3,99.27846209290776
C1104,2024-08-09,3,99.73329782169145
C1476,2024-11-07,3,96.2500927360339
C1619,2025-01-16,3,95.33032454570669
C1513,2026-01-31,3,98.18755673402875
C0643,2024-11-10,1,97.46391887509073
C0392,2024-07-26,3,97.77195519536241
C2622,2025-09-12,3,95.226724042573
C2081,2024-10-22,5,98.79901812592794
C0921,2025-02-05,5,96.13853173392776
C1624,2025-03-10,5,96.64119022646526
C1946,2025-07-26,3,96.11893319149193
C2458,2024-05-01,5,99.63512834690106
C1115,2026-01-20,1,95.82673690104887
C0413,2024-04-15,2,98.58836311968903
C2347,2026-03-01,5,96.20416174029883
C1789,2024-02-05,5,97.08210613363072
C2121,2025-07-03,1,99.88070319814341
C0261,2024-03-12,4,95.49282604678658
C2738,2025-07-21,4,99.31866023232422
C2014,2024-06-15,1,99.63564449171751
C1336,2024-08-08,5,98.42131374515347
C0959,2024-03-16,2,95.04881472970308
C1849,2025-12-22,5,99.02191306175573
C2039,2024-07-29,1,99.32313244529283
C2780,2024-08-15,1,99.80657736875088
C2733,2026-01-06,3,99.11264716397548
C1189,2025-03-28,1,97.18337613980195
C2888,2026-02-04,3,98.37438341580025
C0335,2025-05-01,1,97.37712970859097
C2780,2025-10-29,3,96.72978991266129
C0804,2025-04-18,3,98.06948981643853
C2438,2025-10-22,5,98.77217895424471
C2808,2026-03-01,3,98.11591385472315
